cdn_name,cdn_host_domain
CDNetworks, cdnetworks.com
ChinaCache, chinacache.com
BelugaCDN, belugacdn.com
MetaCDN, metacdn.com
Swarmify, swarmify.com
Amazon S3, amazonaws.com
G-Core Labs, gcorelabs.com
BunnyCDN, bunnycdn.com
SpaceCDN, spacecdn.com
On2It, on2itcdn.com
CDNsun, cdnsun.com
CacheFly, cachefly.net
FDC Servers, fdcservers.net
Inxy, inxy.hosting
ArvanCloud, arvancloud.com
Tata Communications, tatacommunications.com
Medianova, medianova.com
Tencent Cloud, tencent.com
Quantil, quantil.com
Teridion, teridion.com
ChinaNetCenter, chinaNetCenter.com
BaishanCloud, baishancloud.com
Limelight, llNWCDN.com
CDNvideo, cdnvideo.com
SoftLayer, softlayer.com
SwarmCDN, swarmcdn.com
HiberniaCDN, hiberniacdn.com
CacheNetworks, cachenetworks.com
CDN77, cdn77.com
SwiftServe, swiftserve.com
Ngenix, ngenix.net
Aryaka, arayaka.net
Imperva Incapsula, incapsula.com
LeaseWeb, leasewebcdn.com
Tata Communications, tatacommunications.com
MetaCDN, metacdn.com
Webscale Networks, webscalenetworks.com
ChinaCache, chinacache.com
CDNetworks, cdnetworks.com
G-CDN, gcdn.net
Internap, internapcdn.net
Limelight, llNWCDN.com
Yottaa, yottaa.net
Medianova, medianova.com
Reblaze, reblaze.com
Photon by Jetpack, cdn.photonproject.net
Akamai, akamaiedge.net
Cedexis, cedexis.net
Fastly, fastlylb.net
CDNlion, cdnlion.com
Amazon CloudFront, cloudfront.net
MachMetrics, machmetrics.com
CDN.net, cdn.net
CacheFly, cachefly.net
CoralCDN, coralcdn.org
Instart, instart.com
EdgeCast, edgecastcdn.com
KeyCDN, kxcdn.com
G-Core Labs, gcorelabs.com
Inxy, inxy.hosting
OnApp, onappcdn.com
ChinaNetCenter, chinaNetCenter.com
CDNify, cdnify.com
CDNsun, cdnsun.com